{"cameraMode":{"drawMode":0,"name":"Shaded","section":"Shading Mode"},"sceneLighting":false,"audioPlay":false,"sceneViewState":{"m_AlwaysRefresh":false,"showFog":true,"showSkybox":false,"showFlares":true,"showImageEffects":true,"showParticleSystems":true,"showVisualEffectGraphs":true,"m_FxEnabled":true},"in2DMode":false,"pivot":{"x":937.9727783203125,"y":271.4446716308594,"z":30.767593383789064},"rotation":{"x":0.026675542816519738,"y":-0.05372842401266098,"z":0.001360321999527514,"w":0.9982461929321289},"size":558.4744873046875,"orthographic":false}