{"cameraMode":{"drawMode":0,"name":"Shaded","section":"Shading Mode"},"sceneLighting":false,"audioPlay":false,"sceneViewState":{"m_AlwaysRefresh":false,"showFog":true,"showSkybox":false,"showFlares":true,"showImageEffects":true,"showParticleSystems":true,"showVisualEffectGraphs":true,"m_FxEnabled":true},"in2DMode":false,"pivot":{"x":999.7389526367188,"y":565.5076293945313,"z":16.951522827148439},"rotation":{"x":0.14341823756694795,"y":-0.037128083407878879,"z":0.005360093433409929,"w":0.9889765977859497},"size":103.07764434814453,"orthographic":false}