{"cameraMode":{"drawMode":0,"name":"Shaded","section":"Shading Mode"},"sceneLighting":false,"audioPlay":false,"sceneViewState":{"m_AlwaysRefresh":false,"showFog":true,"showSkybox":false,"showFlares":true,"showImageEffects":true,"showParticleSystems":true,"showVisualEffectGraphs":true,"m_FxEnabled":true},"in2DMode":false,"pivot":{"x":1147.3560791015625,"y":874.2334594726563,"z":0.464935302734375},"rotation":{"x":0.028208330273628236,"y":0.00802663154900074,"z":-0.00027840599068440497,"w":0.9996269941329956},"size":653.1679077148438,"orthographic":false}