{"cameraMode":{"drawMode":0,"name":"Shaded","section":"Shading Mode"},"sceneLighting":false,"audioPlay":false,"sceneViewState":{"m_AlwaysRefresh":false,"showFog":true,"showSkybox":false,"showFlares":true,"showImageEffects":true,"showParticleSystems":true,"showVisualEffectGraphs":true,"m_FxEnabled":true},"in2DMode":false,"pivot":{"x":651.6288452148438,"y":275.4969177246094,"z":39.36810302734375},"rotation":{"x":-0.04666828364133835,"y":-0.07275863736867905,"z":0.003408248769119382,"w":-0.9962517023086548},"size":351.30169677734377,"orthographic":false}