{"cameraMode":{"drawMode":0,"name":"Shaded","section":"Shading Mode"},"sceneLighting":false,"audioPlay":false,"sceneViewState":{"m_AlwaysRefresh":false,"showFog":true,"showSkybox":false,"showFlares":true,"showImageEffects":true,"showParticleSystems":true,"showVisualEffectGraphs":true,"m_FxEnabled":true},"in2DMode":false,"pivot":{"x":973.7249755859375,"y":614.0452880859375,"z":95.59513854980469},"rotation":{"x":0.03263765946030617,"y":0.06315568834543228,"z":-0.0021407247986644508,"w":0.9975144267082214},"size":347.3722229003906,"orthographic":false}