{"cameraMode":{"drawMode":0,"name":"Shaded","section":"Shading Mode"},"sceneLighting":false,"audioPlay":false,"sceneViewState":{"m_AlwaysRefresh":false,"showFog":true,"showSkybox":false,"showFlares":true,"showImageEffects":true,"showParticleSystems":true,"showVisualEffectGraphs":true,"m_FxEnabled":true},"in2DMode":false,"pivot":{"x":839.9423217773438,"y":245.95680236816407,"z":-13.592361450195313},"rotation":{"x":0.05501260980963707,"y":-0.08056604862213135,"z":0.004378745798021555,"w":0.995267391204834},"size":524.3072509765625,"orthographic":false}