{"cameraMode":{"drawMode":0,"name":"Shaded","section":"Shading Mode"},"sceneLighting":false,"audioPlay":false,"sceneViewState":{"m_AlwaysRefresh":false,"showFog":true,"showSkybox":false,"showFlares":true,"showImageEffects":true,"showParticleSystems":true,"showVisualEffectGraphs":true,"m_FxEnabled":true},"in2DMode":false,"pivot":{"x":-0.5622612237930298,"y":0.5040407180786133,"z":0.48829197883605959},"rotation":{"x":-0.09322192519903183,"y":0.8513599634170532,"z":-0.16178196668624879,"w":-0.49031978845596316},"size":1.5056884288787842,"orthographic":false}